store_id,sku,quantity_on_hand,snapshot_date,last_changed_on
STORE-01,SKU-100,120,2026-08-10,2026-08-10T00:00:00
STORE-01,SKU-101,45,2026-08-10,2026-08-10T00:00:00
STORE-02,SKU-102,30,2026-08-10,2026-08-10T00:00:00
STORE-02,SKU-103,80,2026-08-10,2026-08-10T00:00:00
STORE-03,SKU-104,60,2026-08-10,2026-08-10T00:00:00
STORE-03,SKU-105,15,2026-08-10,2026-08-10T00:00:00
STORE-04,SKU-106,200,2026-08-10,2026-08-10T00:00:00
STORE-04,SKU-107,-5,2026-08-10,2026-08-10T00:00:00
STORE-05,SKU-108,75,2026-08-10,2026-08-10T00:00:00
